Date,Site ID,Call Setup Success Rate ,CSFB Preparation Success Rate,DL Traffic In GB,UL Traffic In GB,Total Traffic in GB,Average User Throughput in DownLink In Mbps,Average User Throughput in UpLink In Mbps,Average DL PDCP Throughput In Mbps,Average UL PDCP Throughput In Mbps,PS Drop Call Rate,Average Number of Users in a Cell,Intra Frequency HOSR,Inter Frequency HOSR,Cell_Availability,DL BLER ,DL PRB Utilization ,UL PRB Utilization 
01-11-2025,Site_1,99.78398485,99.93803116,818.430367,108.0761783,926.5065453,12.48728735,0.44711652,13.08095597,1.447716039,0.149547511,17.37965278,98.25527305,99.609395,100,8.287584924,32.60256295,18.31834567
01-11-2025,Site_2,99.85541602,99.76624016,836.5843705,95.33123255,931.915603,16.6690203,0.495499609,15.26308706,1.527885716,0.143917229,15.3991821,99.00644396,99.10432296,100,7.185239187,33.38621494,15.73737245
01-11-2025,Site_3,99.80625248,99.9050733,631.4274408,82.34271348,713.7701542,14.09692362,0.506899578,12.98770222,1.426992893,0.166527328,13.97668981,98.93788177,99.50643012,100,8.189409722,28.66999918,16.28596997
01-11-2025,Site_4,99.73681927,99.77762953,485.4049599,72.91675818,558.3217181,8.449398956,0.659664537,13.72181815,1.820610012,0.119884734,13.4617284,99.06059804,99.28845685,100,7.358748452,31.74793277,14.43492081
01-11-2025,Site_5,99.775766,99.78514426,459.3758379,72.92896748,532.3048054,14.91518215,0.998062251,15.5487081,2.507230977,0.092939931,25.21185378,98.54745265,99.21325545,100,6.298747757,31.52230194,14.12391362
02-11-2025,Site_3,99.82885402,99.96564361,525.7270229,77.42470694,603.1517298,17.39492587,0.646075175,12.68781889,1.634956299,0.120294018,12.03179784,99.47259776,99.44618685,100,7.564384371,26.41621137,15.55976539
02-11-2025,Site_1,99.80052199,99.97044626,731.2229736,98.63825989,829.8612335,15.69063195,0.494563806,12.92862797,1.467299182,0.126348885,15.62570988,99.0343607,99.76235259,100,8.328192287,30.65757013,17.99647223
02-11-2025,Site_5,99.74953813,99.68952484,498.7128927,83.45003545,582.1629281,16.48237747,1.109246676,15.31971357,2.542963579,0.088906062,26.93917824,98.7600695,99.52880377,100,6.245859643,33.13811867,15.76666242
02-11-2025,Site_4,99.70122744,99.98977401,436.5503738,71.76691449,508.3172883,12.3056996,0.724364449,12.06998039,1.720193258,0.110899595,13.56416377,99.0918686,99.23521858,100,7.072462205,28.27786416,14.13512808
02-11-2025,Site_2,99.84922007,99.15708812,719.0679033,93.21324027,812.2811435,19.00007177,0.578031004,14.41496134,1.640691515,0.125988202,14.31497299,98.95755867,99.7923467,100,6.946354968,29.7666775,15.74271081
03-11-2025,Site_4,99.78476278,99.9782939,411.9248538,65.14920318,477.074057,14.18230052,0.644665644,12.33301947,1.728884611,0.122672553,12.62497106,99.10005619,99.30152854,100,6.686463288,27.92136875,13.87973718
03-11-2025,Site_1,99.70879942,99.96998499,733.3001454,96.2025665,829.5027119,14.94973195,0.333799879,12.56371182,1.342332896,0.163004475,16.03827546,99.1155295,99.35193772,100,8.452782233,30.14393898,18.08907221
03-11-2025,Site_3,99.83326433,99.96447181,534.5505731,74.37885451,608.9294276,17.38312773,0.588502738,13.14827503,1.63027101,0.127627937,12.00054012,99.41631245,99.40467661,100,7.698346528,27.38542981,14.877149
03-11-2025,Site_2,99.82974703,99.90059642,677.0443984,82.11687362,759.161272,18.72604508,0.32564917,13.74509495,1.402361794,0.118605045,14.19885417,99.02712502,99.70238687,100,6.932181337,27.89006547,15.4572941
03-11-2025,Site_5,99.79363873,99.80999708,425.4345632,78.44323003,503.8777932,18.93422847,1.167607176,14.26700939,2.623531404,0.077838819,25.75069444,98.3701217,99.45074627,100,6.052193372,28.90518266,15.01607526
04-11-2025,Site_5,99.80538927,99.87560255,424.0381156,75.12625527,499.1643709,18.07730545,1.165237614,14.5314158,2.581463986,0.066702033,24.82013889,98.59276278,99.34255271,100,6.15280022,28.56914267,13.24546895
04-11-2025,Site_4,99.70479989,100,451.5075917,69.21834767,520.7259394,12.2117176,0.5655728,12.72255233,1.692403038,0.14864107,13.45539159,99.05443198,99.13736056,100,6.85326425,29.49582054,14.49720886
04-11-2025,Site_3,99.81454119,99.93157715,548.0952181,75.56171227,623.6569303,17.84553712,0.564821531,13.36215218,1.589930159,0.129707939,11.95535108,99.53852911,99.42999426,100,7.806542301,27.30635146,15.41813449
04-11-2025,Site_2,99.81892818,99.90558403,662.9047074,81.16287398,744.0675814,18.3819453,0.337947051,13.43938631,1.349972488,0.097012242,14.46507716,98.79855974,99.66379874,100,7.072377613,26.94855056,15.29133607
04-11-2025,Site_1,99.68396724,99.95976665,778.8645431,93.31656957,872.1811126,15.10578402,0.303799624,12.87248496,1.240168744,0.210495094,16.45194444,99.09590204,99.3820318,100,8.368818972,30.31554276,17.69528496
05-11-2025,Site_2,99.856086,99.98677424,748.5101861,88.99570143,837.5058875,19.24173043,0.525963935,14.45400518,1.486073202,0.097970107,14.8983179,98.83937938,99.78317947,100,7.137261441,28.47062559,15.13185401
05-11-2025,Site_4,99.79649697,99.96624662,460.5685906,70.56507146,531.1336621,12.05846499,0.608700029,12.55947303,1.661706234,0.136973603,14.17483121,99.08012214,99.54519555,100,6.923022195,30.44825142,15.37967884
05-11-2025,Site_5,99.79432849,99.73804846,399.60238,69.19263256,468.7950126,21.19130655,1.411494431,14.24030292,2.56272253,0.069019067,22.85013503,98.71701595,99.60109861,100,6.045668145,26.27825591,12.22501138
05-11-2025,Site_3,99.81197302,99.9187275,551.4603525,75.6714977,627.1318502,17.63433719,0.58962969,13.13216825,1.573293426,0.133386954,12.12058256,99.49900778,99.59841332,100,7.951838309,27.39468194,14.74276039
05-11-2025,Site_1,99.78922054,99.91279915,760.4559016,100.0390855,860.4949871,15.27762977,0.429254135,12.60962044,1.365027501,0.139633426,16.14758873,99.0368721,99.67875717,100,8.424058226,30.08357456,17.70268569
06-11-2025,Site_5,99.76004552,99.92332464,405.1059058,69.0208298,474.1267356,18.66561193,1.203717984,14.57623828,2.517870569,0.075354812,22.98897569,98.55213177,99.51306179,100,6.175681867,27.64345137,13.1575222
06-11-2025,Site_2,99.83805801,99.95481247,775.3017805,95.78989494,871.0916754,18.06585586,0.384610174,13.86317427,1.417955088,0.117310242,15.85917438,98.89158889,99.62709153,100,7.071599043,28.52911198,16.29456022
06-11-2025,Site_1,99.72583018,99.97487437,772.6425506,100.853352,873.4959025,12.99472782,0.370555964,13.01387819,1.392661854,0.173910891,16.99364969,98.78557484,99.7341918,100,8.581668513,32.49379741,18.68063146
06-11-2025,Site_4,99.78221339,99.98169169,508.4440151,76.83942318,585.2834383,9.290229527,0.414021988,12.22838506,1.533420281,0.1565442,15.4553723,99.02776989,99.15848527,100,7.713517514,32.21255216,15.25424002
06-11-2025,Site_3,99.76794254,99.95827683,572.2618123,80.67769694,652.9395093,15.96214666,0.592595013,13.03210539,1.584094357,0.142671951,12.70651235,99.45435411,99.3610728,100,8.061367792,28.36864719,15.96311792
07-11-2025,Site_1,99.74129017,99.9923307,792.5280522,101.7492573,894.2773095,13.33322636,0.352125873,12.64109203,1.290476526,0.19839656,17.83074846,98.86725152,99.51665376,100,8.433449326,31.94558216,18.73251518
07-11-2025,Site_3,99.78031259,99.967735,566.8293056,82.8512975,649.6806031,15.86091613,0.548741308,12.48836494,1.566744776,0.144087145,12.52575231,99.44762281,99.39560687,100,7.907980387,27.59535117,15.79020928
07-11-2025,Site_4,99.78710724,99.95174677,509.2473241,74.75786817,584.0051923,11.36122323,0.521320312,12.99122355,1.62551814,0.142927288,14.74073592,99.09065244,99.02509558,100,7.027366897,31.47480525,15.44071509
07-11-2025,Site_5,99.75619742,100,421.6958047,76.15123141,497.8470361,18.72586426,1.152863429,14.42892455,2.639155675,0.078514398,23.87881944,98.90404286,99.81449345,100,6.084532074,28.33109978,13.9519872
07-11-2025,Site_2,99.84047771,99.98724327,731.4397365,91.64830995,823.0880464,17.14379508,0.419708321,13.56277861,1.421132647,0.097942813,15.53560185,98.77731796,99.74916158,100,6.933753527,27.69268362,15.19503858
08-11-2025,Site_1,99.72967121,99.98186435,739.719678,95.14325857,834.8629366,15.91498374,0.296498853,12.47885956,1.256140075,0.181108124,16.75953318,99.1049687,99.50333355,100,8.28112769,28.79669359,17.95974593
08-11-2025,Site_3,99.80586147,99.95610184,559.3616637,73.30378795,632.6654516,17.72933839,0.54393347,13.80597136,1.55338197,0.133488411,11.8538233,99.52967415,99.46503699,100,7.826377444,27.3325996,15.12537262
08-11-2025,Site_5,99.78702148,99.86123959,414.6962969,76.1582948,490.8545917,20.26118933,1.398404751,14.24364492,2.647853548,0.076019024,23.59395255,98.89446109,99.92120666,100,6.18403814,26.70865923,13.50289122
08-11-2025,Site_4,99.7839711,99.97833857,381.1306367,58.73212385,439.8627605,13.83994004,0.594741598,12.08760021,1.603958468,0.124951344,12.35887828,98.98457627,98.85078938,100,6.67901858,26.44304542,12.53145576
08-11-2025,Site_2,99.83112365,99.98697747,682.1277398,90.3275125,772.4552523,18.36497406,0.342298461,13.38494949,1.487224732,0.103517798,15.28235725,99.00287565,99.58053154,100,6.754659809,26.31487987,15.1537658
09-11-2025,Site_3,99.811429,99.97687594,483.9845184,72.57371521,556.5582336,17.11882578,0.606325426,12.69815121,1.616633543,0.127093159,11.54201389,99.52346786,99.63465747,100,7.55383518,25.49599747,14.6687959
09-11-2025,Site_1,99.74057946,99.83948636,752.6684419,94.38482451,847.0532664,15.60752249,0.346968866,12.91324973,1.305903035,0.174829972,16.30181327,99.09685188,99.69288681,100,8.295815317,29.80483031,17.6360775
09-11-2025,Site_4,99.79176316,99.82918757,383.377834,62.07286775,445.4507017,13.36034719,0.538137222,11.99829423,1.621089903,0.113445364,12.71225405,98.89240766,98.77089024,100,6.717375519,26.06177311,13.14603891
09-11-2025,Site_2,99.85108724,99.98694347,713.4500841,93.59940553,807.0494896,18.28710567,0.398085913,13.82869376,1.525733029,0.105345703,15.15871528,99.13493946,99.70557709,100,6.840000103,27.26005587,15.69784901
09-11-2025,Site_5,99.8253617,98.7673584,380.1952246,70.49054098,450.6857656,21.13992104,1.364710447,13.98771727,2.625918805,0.083615592,23.94477238,98.6309884,99.93868792,100,5.999325094,25.27784614,12.5343396
10-11-2025,Site_4,99.74518051,99.67565376,424.3848987,64.17311275,488.5580114,14.17671089,0.639716053,12.73481692,1.698571572,0.102297501,12.85017361,99.12742405,99.16115944,100,6.85790014,27.55102838,12.61612154
10-11-2025,Site_5,99.87036155,99.83116664,388.8018847,72.84048128,461.6423659,19.67232053,1.271315421,13.97916141,2.693573818,0.075314904,23.42360147,98.81531589,99.91371252,100,6.002337795,26.25580613,12.99379102
10-11-2025,Site_2,99.84403487,99.9875498,695.526245,91.87924755,787.4054925,18.49774897,0.40321771,13.95595349,1.573284973,0.093950011,14.95447917,99.05223931,99.69356219,100,6.717533545,27.33463848,15.44982882
10-11-2025,Site_3,99.76710417,99.87262622,528.7727779,78.55636978,607.3291477,17.3366268,0.623365749,12.96876025,1.6652692,0.130266324,12.05501543,99.50426986,99.59774655,100,7.506477444,26.669866,15.26438783
10-11-2025,Site_1,99.73657389,99.8342694,744.7552018,93.483639,838.2388408,14.99269209,0.329299021,12.65772345,1.252139598,0.203642202,16.53334877,99.05459824,99.52581795,100,8.556541337,29.51387091,17.3858847
11-11-2025,Site_2,99.83915386,99.9877601,700.9257843,93.16948497,794.0952693,18.26336683,0.414610994,14.0575243,1.506949998,0.104720144,14.67576389,98.68777712,99.56868471,100,7.007334387,27.36321603,16.86617835
11-11-2025,Site_4,99.72335835,99.30571109,405.5402519,63.25425887,468.7945107,14.34251104,0.623192129,12.32991131,1.621463101,0.101887334,12.85006269,99.05305268,99.299487,100,6.663262759,26.46792771,13.02793443
11-11-2025,Site_5,99.87497003,99.89808052,360.284202,62.23245156,422.5166535,20.54151378,1.150092415,13.69870971,2.442707425,0.068920184,22.96305941,98.63833404,99.90992864,100,6.069392037,24.08346381,10.92821207
11-11-2025,Site_3,99.7919567,99.86445273,506.2350637,77.38910794,583.6241716,17.22746244,0.550192188,12.33595844,1.514278669,0.139253048,11.98897377,99.47352411,99.71399626,100,7.852371437,24.19665735,15.74188027
11-11-2025,Site_1,99.71674595,99.7440273,725.28592,98.31328595,823.599206,14.05727036,0.290871908,12.31883334,1.292659249,0.176980969,16.68582562,99.01038615,99.58399384,100,8.257364705,29.51560899,18.98782094
12-11-2025,Site_5,99.87195462,99.88395225,365.271728,64.64315951,429.9148875,19.56379121,1.103246941,14.55855279,2.644617401,0.084742001,22.32000386,98.63415675,99.27395934,100,5.989650578,25.38669634,11.60555497
12-11-2025,Site_2,99.84676349,100,687.3551997,95.05690682,782.4121065,19.18549292,0.469257824,13.83921478,1.603526373,0.104728653,14.8681983,99.13195859,99.56324408,100,6.734553323,26.70643648,15.3102668
12-11-2025,Site_4,99.76748865,99.90501069,398.6246948,57.98315287,456.6078477,14.72995308,0.582639376,12.71273776,1.625602356,0.102262489,11.94087577,99.09931756,98.87719882,100,6.737923741,26.2559431,12.32411172
12-11-2025,Site_1,99.73883494,99.99067251,784.4153407,99.11723173,883.5325724,14.01164434,0.322838893,12.94327707,1.309713496,0.176937588,16.8441821,98.94261402,99.54214192,100,8.458185028,31.81681794,18.05924391
12-11-2025,Site_3,99.80360864,99.8943538,517.1278608,77.74271977,594.8705806,16.71908807,0.615475959,12.63966924,1.605547448,0.144906319,12.19436728,99.47499597,99.61304636,100,7.765588247,25.60254062,15.60685613
13-11-2025,Site_1,99.75750622,99.95940899,786.6300354,104.8548683,891.4849037,13.53919375,0.361071929,12.30149744,1.3197811,0.147588092,17.81677469,98.92437311,99.63239244,100,8.720260752,31.03122278,17.67437914
13-11-2025,Site_3,99.79396454,99.89316239,538.5320666,78.57373559,617.1058022,15.87717702,0.567419863,13.02939187,1.595020985,0.150518721,11.92686728,99.348462,99.53781513,100,7.731227994,27.68753203,16.33354341
13-11-2025,Site_2,99.84264675,99.98759151,737.5957106,93.21557605,830.8112867,17.53395862,0.434536083,14.00441637,1.480030796,0.104529253,15.12771605,98.79119596,99.50009987,100,7.083307771,28.8827021,15.49586584
13-11-2025,Site_5,99.87688062,99.86419963,378.2103051,64.21505463,442.4253597,18.06262651,1.224332522,14.71258284,2.551416471,0.088492443,22.69758873,98.62440571,99.8756322,100,6.1553801,27.32632255,12.20197404
13-11-2025,Site_4,99.815921,99.91238638,477.4630938,70.42028046,547.8833742,13.15167249,0.688621711,13.64189882,1.818397833,0.100653806,12.82150367,98.95958593,99.13060256,100,6.94555726,29.89076798,13.81240212
14-11-2025,Site_1,99.74253819,99.93449066,852.8541316,112.9844913,965.8386229,13.48676623,0.37442652,13.07377775,1.426328064,0.151415326,18.52945988,98.99950937,99.62409945,100,8.491693039,33.84449653,18.35371211
14-11-2025,Site_5,99.88453065,99.87285442,395.635157,63.56572068,459.2008777,20.573028,1.23674832,14.90542878,2.489128763,0.071072641,22.34625772,98.92181097,99.87261146,100,6.195863562,26.28495523,11.24592065
14-11-2025,Site_4,99.78225095,99.98945259,484.3308216,70.12290537,554.453727,12.4080701,0.622588163,13.30410423,1.719869284,0.126659857,13.3103588,98.98664355,99.08152246,100,7.134315866,31.13474633,14.18735983
14-11-2025,Site_3,99.78184279,99.92906963,580.7291316,80.38051581,661.1096474,15.17730291,0.520687854,13.06478959,1.524350892,0.161557636,12.67100694,99.43589421,99.6037956,100,7.948487456,28.99591262,15.59177406
14-11-2025,Site_2,99.86606288,99.98831912,781.5908672,95.31472659,876.9055938,17.41590022,0.432715658,14.22451164,1.482042977,0.09942491,15.92409722,98.80129545,99.73422154,100,7.036119295,29.39009082,15.07273541
15-11-2025,Site_2,99.83122491,99.9875467,721.1620225,92.36571991,813.5277424,18.49421706,0.480012319,14.16043013,1.520057685,0.116117138,15.26225309,98.49615769,99.58947067,100,6.924962933,27.59733627,15.64747751
15-11-2025,Site_4,99.790762,99.96899866,428.8787152,62.14452088,491.023236,12.38888813,0.571792624,12.2074832,1.546852198,0.11133586,13.14338831,98.9547169,99.24464168,100,7.093220727,28.26264883,12.87477418
15-11-2025,Site_3,99.79118481,99.79699069,598.3649524,79.9662056,678.331158,15.82136775,0.58620754,13.28413644,1.516170459,0.142440929,12.6118287,99.48245699,99.6967265,100,8.149042232,28.0921398,15.83817477
15-11-2025,Site_1,99.75700883,99.97413347,798.8898296,101.7363274,900.626157,13.92118702,0.405652278,13.12465667,1.360264656,0.148068295,17.31371142,98.98416162,99.73527117,100,8.391569794,31.88460757,17.80372326
15-11-2025,Site_5,99.86001907,99.78524314,399.8244802,71.58343494,471.4079151,18.96525123,1.244890329,14.66920604,2.663806273,0.069893652,23.09570795,98.8896677,99.86320109,100,6.204640679,27.13554379,12.21397973
16-11-2025,Site_4,99.7877326,99.96755354,409.2275234,61.32065332,470.5481768,14.39001184,0.598716811,12.37663181,1.620659533,0.124172619,12.59874132,98.98070415,99.10809942,100,6.917478248,27.60378553,12.68945808
16-11-2025,Site_5,99.89377847,99.88596047,410.0752063,80.61955142,490.6947577,16.80804541,1.342285583,14.98432914,2.970483111,0.068979027,26.26938657,98.81756112,99.89837398,100,6.014576615,28.87500353,13.70799721
16-11-2025,Site_2,99.85501885,99.9639076,699.7485577,90.19888401,789.9474417,19.13982654,0.489092611,13.80464837,1.463520397,0.105912747,14.81833719,98.76937821,99.65159877,100,7.160467592,27.1201015,15.21780799
16-11-2025,Site_3,99.78760684,99.9522274,527.6507305,78.92203236,606.5727628,15.51655903,0.540721839,12.49981995,1.535250199,0.152447162,12.85213053,99.44525715,99.24787158,99.95733025,7.72393925,26.69473265,16.89808673
16-11-2025,Site_1,99.76406832,100,764.570333,103.1316448,867.7019778,13.68220637,0.447214007,12.81659446,1.405067667,0.130170042,16.69788194,98.94658145,99.73612256,100,8.461211293,31.85486008,18.87886623
17-11-2025,Site_2,99.85519754,99.92527089,707.1965208,91.53356659,798.7300874,19.07261005,0.50736794,14.64231875,1.60984753,0.101730249,14.60373071,99.02144951,99.51970245,100,7.026716621,28.76850157,16.71679291
17-11-2025,Site_1,99.74914014,99.98103906,760.4965659,100.81059,861.307156,13.84351017,0.439994021,12.84104132,1.384828287,0.144102568,16.60880015,98.9894266,99.6151053,100,8.430004896,32.09059444,18.35055913
17-11-2025,Site_4,99.82019598,100,409.2912711,69.42076528,478.7120364,13.87016581,0.849159344,12.63612064,1.902281966,0.100909985,12.29035494,99.0275766,99.28642891,100,6.887446132,27.92080146,13.21601796
17-11-2025,Site_3,99.80251717,99.87512488,525.6722091,72.13555372,597.8077629,16.00311133,0.574823209,12.88706275,1.517051345,0.126123836,11.81334105,99.46517187,99.67613996,100,7.588696912,28.11324226,15.99491738
17-11-2025,Site_5,99.89253576,99.89263987,401.726725,82.38639128,484.1131163,17.81514527,1.363099749,14.43096609,2.973340364,0.115698858,26.95691551,98.6511572,99.80796664,100,6.028270346,27.85345078,13.45673611
18-11-2025,Site_3,99.77436039,99.92712256,528.1238608,71.5943774,599.7182382,15.80235034,0.526001943,12.69939234,1.448170899,0.135342016,11.78784336,99.37052623,99.64885276,100,7.603568833,27.74057137,15.48225623
18-11-2025,Site_1,99.71953142,99.959992,752.9639703,92.44195354,845.4059238,13.45061967,0.334089785,12.89083033,1.259429863,0.158514308,16.1676196,98.86346973,99.57997457,100,8.654633819,31.47473298,17.78004326
18-11-2025,Site_5,99.86535565,99.89224138,398.6460501,70.41460168,469.0606518,17.14148108,1.157495014,14.52785115,2.549532224,0.088680435,23.59864005,98.72938996,99.88683782,100,6.16448473,27.95367606,13.1542448
18-11-2025,Site_4,99.78991866,99.9783456,386.7394022,58.42475688,445.1641591,12.65203035,0.574355353,12.25440655,1.640646965,0.119600407,11.82913291,98.84501395,98.69622306,100,6.992721121,27.38559443,12.47175996
18-11-2025,Site_2,99.8375692,99.89065727,701.4114662,89.47626925,790.8877355,16.88098938,0.358468986,13.74784299,1.433010194,0.115953455,14.81686343,98.26942615,99.54454608,100,7.104381471,27.92341404,16.23957968
19-11-2025,Site_1,99.75009696,99.97121474,731.9579631,90.67985487,822.637818,14.5931731,0.373610887,12.6284765,1.272566397,0.140685629,16.02366127,98.76615952,99.53748071,100,8.481134735,30.80912478,16.99059335
19-11-2025,Site_3,99.78965199,99.90513459,546.4271182,77.66650105,624.0936192,17.42512984,0.621313014,13.07224479,1.62160771,0.123435324,12.03879244,99.33168338,99.77080496,100,7.588818857,27.17376629,15.16220728
19-11-2025,Site_2,99.85094061,99.97411338,718.4743479,89.69754112,808.1718891,17.73251341,0.433118158,14.06516523,1.45878119,0.118350905,14.9502392,98.51812044,99.59135742,100,7.095777363,28.47508603,16.18309079
19-11-2025,Site_5,99.85243366,99.88986784,431.6645401,72.73700321,504.4015433,17.54362963,1.104832534,14.79408375,2.518599439,0.090227358,24.78396026,98.79917993,99.87375256,100,6.35611883,30.49369575,13.17653934
19-11-2025,Site_4,99.77959358,99.98115696,412.7440771,67.7388016,480.4828787,12.58880673,0.68323409,12.28823416,1.817715314,0.124944709,12.57947049,98.94259203,99.32397686,100,7.030416547,29.40110454,13.54628456
20-11-2025,Site_2,99.83479242,99.85014409,667.8593982,88.95439863,756.8137969,17.44825536,0.438868184,13.32637887,1.465818345,0.10369612,14.90934414,98.82117949,99.45374892,100,6.78940681,27.08534219,15.22209879
20-11-2025,Site_5,99.87032627,99.95843724,405.2173388,65.54332232,470.7606611,18.28139789,1.124532047,14.15445543,2.394793578,0.076078951,24.46194059,98.69363053,99.81164283,100,6.287572754,27.7704803,11.57260519
20-11-2025,Site_4,99.78010298,99.98086491,426.83137,70.77650368,497.6078737,12.6206253,0.883309937,12.82231767,1.860034306,0.120949403,12.77526042,99.02141134,99.33411712,100,6.97511396,27.50155994,13.17416268
20-11-2025,Site_3,99.78459967,99.95451961,512.6419386,74.12700379,586.7689424,15.74276727,0.594853856,12.63182436,1.583265439,0.131726807,11.92438272,99.31135686,99.52539341,100,8.049476879,26.6068794,14.38922049
20-11-2025,Site_1,99.74633501,100,738.0070858,93.05317259,831.0602584,14.27078125,0.375453472,12.70327596,1.273275703,0.159505871,16.20483109,98.64619839,99.66440745,99.96188272,8.663930617,30.04393524,16.90408505
21-11-2025,Site_2,99.85411465,100,747.8612133,95.40893042,843.2701437,16.60830456,0.444830767,13.73490885,1.473650073,0.107465689,15.52540509,98.81823989,99.55962973,100,7.16571106,29.11440905,15.26819457
21-11-2025,Site_5,99.55332121,99.86849027,423.799963,76.20361948,500.0035825,17.14980854,1.127909742,14.26569015,2.474710865,0.806735513,25.67213542,98.69355749,99.64497041,99.53568673,6.241220782,28.97502053,12.93780535
21-11-2025,Site_4,99.80490071,99.87926351,459.4782182,69.25016344,528.7283816,11.06490573,0.695013437,13.07006188,1.763535367,0.114541075,13.03213252,98.95012529,98.99913685,100,7.143666805,31.70364051,14.24610085
21-11-2025,Site_3,99.79528147,99.87428571,590.831445,79.08063114,669.9120761,15.12115345,0.543774641,12.99907372,1.48222935,0.14110655,12.50659336,99.3943123,99.6544845,100,8.044704545,28.22471582,14.9264749
21-11-2025,Site_1,99.73853715,99.99064721,785.911248,103.8918813,889.8031293,13.57662622,0.402036737,12.79887495,1.37218939,0.151697082,16.60699846,98.78666884,99.68089387,100,8.547882009,32.12374793,18.26923365
22-11-2025,Site_4,99.74936632,98.70752554,455.6268065,66.58018959,522.2069961,9.215273572,0.513812103,13.57861848,1.692284804,0.156387135,14.48413753,98.75666537,99.20811406,99.8591821,6.974542468,33.04460129,15.68987125
22-11-2025,Site_3,99.76089598,99.88331389,551.6387317,79.04910719,630.6878389,16.27408636,0.434806553,12.26517074,1.414156993,0.178468146,13.19371614,99.35686148,99.20348733,99.94552469,7.81793527,25.82697395,16.0493317
22-11-2025,Site_5,97.98847107,99.83995344,344.5694542,62.50683808,407.0762923,18.43298897,1.109799933,13.25529266,1.7924454,3.005414081,22.6169946,98.43557019,99.69148223,100,6.210631248,24.54577412,11.43211132
22-11-2025,Site_2,99.85206779,99.90880535,738.6161032,100.8518056,839.4679087,18.16256858,0.488160609,13.65061752,1.537763091,0.126963878,16.04959491,98.91935728,99.59257263,100,6.72744987,27.76580152,15.63920561
22-11-2025,Site_1,99.60506023,99.95106834,755.7684411,98.67363942,854.4420805,13.4292394,0.279582878,12.3009872,1.209607778,0.23400128,17.31959877,98.63334725,99.40971481,99.95856481,8.420480281,29.8791028,18.77205402
23-11-2025,Site_4,99.71823264,99.61844197,449.2294395,66.47520733,515.7046468,10.3529414,0.613862799,13.11869491,1.690373706,0.170787865,12.93282215,98.58190213,99.21411707,100,7.169474469,32.42768491,14.71700164
23-11-2025,Site_1,99.77538245,99.94204019,737.1266251,99.67596507,836.8025901,13.23460937,0.435738333,12.70281902,1.376929569,0.135175764,15.88561343,98.9173241,99.62650929,100,7.869617437,28.97498135,18.58399717
23-11-2025,Site_3,99.81154249,99.91010226,619.3704753,78.1499387,697.520414,16.19639083,0.453531879,12.97196688,1.360409106,0.120427987,13.15290509,99.25652326,99.49871398,100,7.968474182,27.62442495,15.5648147
23-11-2025,Site_5,98.46945188,99.9448428,381.4398031,70.74567008,452.1854732,17.65852813,1.046194832,13.6186727,2.016694338,2.545736985,23.83599537,98.85778609,99.6778043,100,6.213307347,27.06044029,12.96542359
23-11-2025,Site_2,99.88770017,99.96307238,753.3005617,95.32363534,848.624197,17.62971896,0.443268895,14.60755247,1.599703244,0.102755916,15.33931327,98.96084651,99.72146185,100,6.89141574,29.19586547,15.49302185
24-11-2025,Site_3,99.80820421,99.83568075,612.6314253,81.80750191,694.4389272,17.28178708,0.553538077,13.44503299,1.511751056,0.116255081,12.42117284,99.22318142,99.61928648,100,8.046508858,28.23199277,15.57928096
24-11-2025,Site_1,99.78098576,99.97203319,721.6231139,96.1728394,817.7959533,13.65104811,0.437118992,12.69900188,1.347005144,0.137589596,15.73701003,98.88331373,99.73115552,100,7.763424863,27.37424986,17.4503969
24-11-2025,Site_5,99.1100729,99.55205437,342.6443373,68.2712661,410.9156034,17.73855159,1.186933828,12.74973521,1.993773251,2.71982692,23.1132716,98.97723952,99.69220048,100,6.154145406,24.93152376,11.93390194
24-11-2025,Site_4,99.78190117,99.96744085,404.2819409,60.01484168,464.2967826,12.51991001,0.627178809,12.89487262,1.759646799,0.152660765,11.8381848,98.35437535,99.08154817,100,7.047861453,29.76969108,13.00933091
24-11-2025,Site_2,99.85911233,99.88517479,685.6538068,93.30135715,778.955164,17.84358807,0.449370581,13.57136889,1.582415523,0.120493397,15.1703858,98.98638473,99.72377629,100,6.674789167,27.61407476,15.24349387
25-11-2025,Site_2,99.86541458,99.82527665,713.2594138,89.59954274,802.8589566,17.48699809,0.443575817,13.98248853,1.452686354,0.130927501,15.21176312,98.86917586,99.52871692,100,6.984738409,27.70122194,15.49660264
25-11-2025,Site_5,99.25340882,99.74546612,372.220495,73.00819397,445.228689,18.8029899,1.466585994,13.60143207,2.155734816,3.021510812,23.79952739,98.76504464,99.67398119,100,6.118483542,26.22180906,12.96426228
25-11-2025,Site_1,99.78641834,99.86038719,725.7945753,94.67468822,820.4692636,15.22701631,0.450262919,12.92033823,1.347847658,0.129610402,15.92579861,99.02166668,99.68650343,100,7.997894274,28.0545207,16.75633499
25-11-2025,Site_4,99.74123281,99.86953686,430.8605138,66.01843035,496.8789442,12.46700864,0.657934079,12.76493064,1.705838303,0.129683447,12.71291956,98.85121482,99.51464924,100,7.057082071,28.5381691,13.76958886
25-11-2025,Site_3,99.8104975,99.69349529,541.5291725,79.0105648,620.5397373,15.68815266,0.572212692,12.50208044,1.543830926,0.122739855,12.38094136,99.4257415,99.66712428,100,8.053216582,26.7344253,15.15022052
26-11-2025,Site_5,98.78987386,99.84222152,367.577504,67.65347028,435.2309743,18.90388981,1.217463684,13.82049349,2.052825633,2.417370779,23.0767554,98.59640233,99.69613744,95.61689815,6.181237737,25.55132272,11.79648876
26-11-2025,Site_2,99.86734913,99.98804543,688.0701021,92.87956893,780.949671,19.2739029,0.470058411,13.57897585,1.525610332,0.105983067,15.00585262,98.5920408,99.58873757,100,6.720050469,26.58076365,15.52980939
26-11-2025,Site_3,99.78235982,99.60325747,585.5029002,85.90902114,671.4119214,17.35503547,0.481211203,12.53978875,1.513333905,0.19853655,13.16029769,99.31697934,99.11201707,100,7.746013025,26.24290672,16.10606596
26-11-2025,Site_1,99.70474831,99.99130359,776.3672764,100.037467,876.4047434,14.17305448,0.338187212,12.82110357,1.302678935,0.162801848,17.16123843,98.94981174,99.47942522,100,8.178463954,30.11697815,18.33568039
26-11-2025,Site_4,99.72579775,99.83195043,438.3717901,67.99494767,506.3667377,12.27713051,0.609578112,12.74875523,1.741909016,0.111895913,12.90691069,98.74053782,99.41636779,100,7.050557845,29.8055711,14.18621604
27-11-2025,Site_2,99.8486749,100,692.9322147,85.54058635,778.4728011,18.51508285,0.43984134,13.95510358,1.438093648,0.110662368,14.59914738,98.95414366,99.54379836,100,7.008864046,26.94428305,14.53502906
27-11-2025,Site_4,99.76299975,99.86430164,398.4942434,64.51074767,463.0049911,12.65068813,0.777734197,12.36153151,1.841682031,0.126092191,12.10784626,98.85636722,99.24985431,100,7.130717765,29.49098162,12.99849322
27-11-2025,Site_5,98.99968582,99.28952043,390.8012106,72.13112509,462.9323357,16.76750655,1.233626724,13.54163957,2.123045593,2.209807394,24.74323881,98.68466707,99.6129326,100,6.224526554,27.89669868,12.54654884
27-11-2025,Site_3,99.75289428,99.79009636,606.682699,83.54522943,690.2279284,15.17019713,0.487032384,12.70262843,1.478126217,0.151652318,13.10793596,99.11910427,99.05845807,100,8.22824446,29.50178693,16.49171978
27-11-2025,Site_1,99.75379519,99.90955137,778.6870794,96.74304402,875.4301234,13.08316021,0.397730154,13.17956696,1.30557195,0.138062492,16.52264275,98.8041143,99.66313134,100,8.203044169,29.44960538,16.8938246
28-11-2025,Site_4,99.80548369,99.89101357,447.584402,72.76092637,520.3453283,11.46103634,0.724449049,12.447459,1.872528236,0.118357536,13.24274691,98.87538041,99.11193901,100,7.071222067,31.19692048,14.45104127
28-11-2025,Site_3,99.80228567,99.92490882,590.4812386,90.48320496,680.9644436,15.97482328,0.597730828,12.70327315,1.637391129,0.136098196,13.24686343,99.14995936,99.02702633,100,7.752881826,27.81091053,17.03496331
28-11-2025,Site_1,99.78703347,99.89663597,776.7966673,110.7018377,887.498505,12.49436618,0.475683313,12.85225456,1.443577343,0.134643882,17.14020062,98.82768459,99.67350891,100,7.842893079,29.37826753,19.02383887
28-11-2025,Site_2,99.85164649,99.88059053,711.7502744,90.82646286,802.5767373,18.36179948,0.451164377,13.89255049,1.499353268,0.104816099,15.29093364,98.93378837,99.66840777,100,6.948269703,27.70650708,14.80130887
28-11-2025,Site_5,98.68198933,99.86760812,427.3839653,80.26748133,507.6514466,16.24294047,1.143636347,14.48180556,2.21323601,2.530683272,25.08396026,98.77350658,99.82277613,100,6.265643805,30.50143787,14.21171007
29-11-2025,Site_4,99.76647426,99.93432164,449.2217276,71.73483026,520.9565579,11.26468024,0.677553667,12.26436626,1.765812924,0.150069446,13.2703559,98.92500544,99.44385593,100,7.351735011,31.99304961,14.28689451
29-11-2025,Site_3,99.79506207,99.91587213,594.9036957,88.0083673,682.912063,14.6145558,0.544152042,12.46852929,1.527169371,0.154282316,13.42165895,99.12677727,99.47961732,100,8.181541197,28.10909904,16.91845732
29-11-2025,Site_1,99.74746646,99.90805751,777.7877728,108.1420373,885.92981,10.65660208,0.440210318,13.03931175,1.454142267,0.172812575,17.79705493,98.92892006,99.58188491,100,7.830548877,30.55602053,19.28906703
29-11-2025,Site_2,99.85778877,99.9032154,761.5277309,98.74035573,860.2680867,16.40027482,0.412834379,13.64209376,1.430946954,0.120501547,16.61063652,98.49138843,99.61835769,99.99359568,7.199913875,28.39168049,16.01164108
29-11-2025,Site_5,98.44486416,99.6882793,323.3075448,58.25939512,381.5669399,14.4901049,1.047186256,14.32289032,2.255295169,1.355948125,25.15906344,98.56561523,99.8461663,100,6.240258504,31.55963705,13.99350807
30-11-2025,Site_1,99.77417223,99.97021446,674.4648517,95.37735224,769.842204,11.87700831,0.494253943,13.26602227,1.530578832,0.157238207,15.15504509,98.89374342,99.66376911,99.82932099,7.588261162,27.18523891,17.17803349
30-11-2025,Site_5,99.82709906,99.96443812,417.6223716,76.64258766,494.2649592,17.33704782,1.143070147,14.02216743,2.491462511,0.097986987,25.7245081,98.53654904,99.9234225,99.95196759,6.191525657,29.05564284,13.05017644
30-11-2025,Site_4,99.79853138,99.95107632,418.3132454,64.7648778,483.0781232,13.73782886,0.677549344,12.87025497,1.75718926,0.126145388,12.97150849,98.86993317,99.29699605,100,6.687445512,28.45283989,13.3300625
30-11-2025,Site_3,99.78406774,99.83418085,572.7534505,79.30454731,652.0579978,16.87846415,0.535645812,12.60938681,1.475435267,0.124287386,12.69692901,99.2232196,99.37132831,100,8.043086265,26.73566863,15.28028876
30-11-2025,Site_2,99.85579582,99.97448329,659.4928807,84.67462099,744.1675017,17.93928661,0.440901378,13.34120671,1.423926154,0.107580776,14.6906527,98.55899898,99.42826072,99.86743827,6.973758879,26.69462226,15.38247727
01-12-2025,Site_5,99.81717988,99.88953764,402.1428529,79.46319318,481.6060461,17.75621129,1.311052269,13.76524492,2.716397782,0.086314714,25.53368421,98.8367594,99.836628,100,6.115402133,27.08722083,13.34803766
01-12-2025,Site_4,99.80212325,99.92643968,386.3418108,61.09579682,447.4376076,14.57338758,0.64431985,12.10037552,1.671080685,0.129825888,12.3305653,98.96205367,98.91163767,100,6.679255691,25.98729742,12.76021528
01-12-2025,Site_2,99.86431163,99.97481743,678.2069223,86.01872659,764.2256489,18.68858262,0.422932944,13.90217957,1.493400252,0.089499958,14.87486497,98.46873964,99.57742798,100,6.961306552,27.05081392,14.60859959
01-12-2025,Site_1,99.77186243,99.89280842,681.3936654,96.6201272,778.0137926,13.04031173,0.440778104,13.00107941,1.460199038,0.152341783,15.65967593,98.9256158,99.58795594,100,7.671155998,26.70597418,17.8931158
01-12-2025,Site_3,99.81651728,99.9205899,548.0547571,78.8841536,626.9389107,17.34394641,0.478618571,11.83655011,1.37516979,0.139206551,13.60981901,99.24414082,99.57595063,99.92060185,7.90790198,25.09505693,16.08572667
02-12-2025,Site_5,99.82922856,99.92385014,409.7074887,72.35585821,482.0633469,18.51399397,1.208856401,13.91510671,2.502052273,0.088380994,25.77405478,98.9517773,99.78921677,100,6.002691506,27.41512867,12.34748517
02-12-2025,Site_2,99.87057253,99.94253534,742.2067729,95.17406714,837.3808401,19.11422259,0.497836228,14.41528958,1.568238287,0.111385708,15.36353009,98.53284216,99.66395923,100,6.883625876,28.07083615,15.42315201
02-12-2025,Site_1,99.7669286,99.95733424,833.2247106,108.0059141,941.2306247,11.06147346,0.429457479,13.76455714,1.455117054,0.165030621,17.23298997,98.87192807,99.67000471,100,7.780235012,31.16677426,19.00851861
02-12-2025,Site_3,99.77431108,99.95708155,617.1686176,85.78557932,702.9541969,16.06361694,0.524998335,12.55753094,1.438111893,0.13136735,13.47934414,99.08610805,99.56441079,100,8.121680936,27.05324696,16.75258341
02-12-2025,Site_4,99.79408012,99.71181556,453.751376,68.24417102,521.9955471,12.42311088,0.59761717,12.75289894,1.68153251,0.114981939,13.52612365,98.82998112,99.32471418,100,6.855219026,29.45229168,13.89425162
03-12-2025,Site_2,99.86816318,100,670.9494393,85.11536229,756.0648016,18.19160994,0.346695358,13.62229241,1.407139503,0.105807187,14.7167637,99.06818702,99.29596101,99.95478395,6.965101755,26.1867803,14.84086277
03-12-2025,Site_1,99.77779605,99.92150706,712.9512385,93.83750522,806.7887437,10.28970482,0.367728846,13.80467685,1.477603566,0.169591896,15.93967978,98.71498433,99.48636138,100,7.548158459,27.74745632,17.46237823
03-12-2025,Site_4,99.78102571,99.8584957,438.8129308,65.42099833,504.2339292,11.72346294,0.570128087,12.81557418,1.67759209,0.1137398,13.33405671,98.27559586,97.92550336,100,6.807563924,28.910671,13.51756504
03-12-2025,Site_3,99.75883125,99.9124918,592.6063557,79.70473385,672.3110895,16.96306995,0.424356091,13.03869512,1.451890314,0.133532345,12.91283565,99.03728226,99.41674767,100,7.645126319,28.56625075,16.05460354
03-12-2025,Site_5,99.79623326,99.79358745,410.945085,80.81805122,491.7631363,17.82136531,1.201098152,13.52170947,2.652953218,0.086487981,26.20978009,98.99033022,99.86393187,100,5.884629436,27.71227509,13.65984735
04-12-2025,Site_3,99.76583821,99.88128215,588.259003,79.00983453,667.2688376,15.89928022,0.458790534,12.91130183,1.459225937,0.143261751,13.48600694,98.96110464,99.63396332,100,8.33838584,28.66124083,15.78453655
04-12-2025,Site_1,99.76351501,99.80904317,798.2321239,117.2009246,915.4330485,8.978642022,0.483406605,14.32784607,1.715502836,0.165112975,18.53170525,98.71008728,99.68258167,100,7.529255252,29.39936666,19.33642194
04-12-2025,Site_5,99.84669326,99.92332464,399.543942,69.16470253,468.7086445,18.07637971,1.176976278,14.55598337,2.584538973,0.092008085,25.57257791,98.92669426,99.86342043,100,6.083483574,27.80226181,12.24912032
04-12-2025,Site_2,99.85773152,99.98919386,707.7767212,93.89778614,801.6745074,16.71431174,0.40868836,13.46140266,1.486315698,0.128090716,15.55601466,98.89328662,99.32767075,100,7.223149138,28.40894251,15.47839282
04-12-2025,Site_4,99.75309321,99.86356106,468.1921258,72.22925365,540.4213794,12.97594372,0.607050461,12.82178217,1.733804204,0.147962885,13.62741609,98.6679989,98.93784698,100,6.874464811,30.14401377,14.43618993
05-12-2025,Site_3,99.79079381,99.94557527,664.2400956,84.35841608,748.5985117,16.69008272,0.461131534,13.52295365,1.403544907,0.129534887,13.7663966,99.07783342,99.53897457,100,8.247880213,29.41424069,16.48691941
05-12-2025,Site_4,99.78650735,99.8073999,465.4031305,80.22646081,545.6295913,12.26448059,0.871768904,12.8089419,1.917748417,0.115184209,13.85575328,98.56711752,98.31129293,100,6.922089863,29.63405775,14.17545
05-12-2025,Site_1,99.7638106,99.38974105,856.1876426,115.1920191,971.3796617,8.097145887,0.483190481,15.5780599,1.721210456,0.165491349,17.79861111,98.83290732,99.63722841,100,7.547478913,30.76292413,20.38139713
05-12-2025,Site_2,99.87155492,99.95239795,702.4846804,93.93847549,796.4231559,17.18550213,0.431155209,14.02351535,1.574968289,0.099633482,15.45459491,98.66913185,99.5460671,100,7.163072482,28.58412182,15.88752005
05-12-2025,Site_5,99.83929029,99.90308904,462.9396982,85.44372582,548.383424,15.77778123,1.243453335,14.66170797,2.729366801,0.087450103,27.39815779,98.71828271,99.91147556,100,6.120298031,30.94391402,14.035466
06-12-2025,Site_2,99.82948324,97.82296386,692.9411985,90.52384448,783.4650429,16.38304281,0.34427178,13.16172805,1.367714,0.135640751,16.20185553,98.48467213,99.16325264,100,7.130983863,26.46831332,15.06435287
06-12-2025,Site_5,99.86450547,99.95582388,359.5219673,66.47366118,425.9956285,15.20350008,1.30453602,15.54055215,2.917063327,0.083253841,27.31863181,98.68741378,99.85015359,100,6.038427064,32.5514222,14.88314767
06-12-2025,Site_3,99.75705834,99.83002833,537.7156116,74.3669157,612.0825273,15.28072036,0.374585133,12.26926229,1.334708321,0.15405759,14.23047905,99.03330386,99.00894771,99.95470679,8.132256104,27.46847341,17.51744422
06-12-2025,Site_4,99.77974516,98.72568093,463.8621486,74.40832937,538.270478,7.577557636,0.505531896,12.86391324,1.764152142,0.149480234,16.31156725,98.29366526,98.6320006,99.86043596,7.216242238,34.00837136,17.14070713
06-12-2025,Site_1,99.71235171,99.90002,834.916059,119.1127059,954.028765,6.930991357,0.369794984,13.98580508,1.634241902,0.216396877,19.79804784,98.48300308,99.51181214,99.95061728,7.752365526,33.02396779,21.26476243
07-12-2025,Site_4,99.78792248,99.82942431,434.7209847,73.92466283,508.6456475,12.08470496,0.651151347,12.62798104,1.875093443,0.136811805,12.92853492,96.89073403,95.27785567,100,6.768417274,28.22680955,14.23763347
07-12-2025,Site_2,99.74327429,99.97680891,625.3653111,86.23476219,711.6000733,17.5635321,0.221930983,12.94331839,1.448442559,0.242114529,14.82224151,98.4277224,94.68016057,100,6.717721281,25.00966227,14.83890446
07-12-2025,Site_5,99.84439671,99.96039604,433.8819575,82.88438237,516.7663399,16.50686905,1.312306472,14.1860865,2.742192503,0.099073479,27.27527006,98.81925121,99.84751947,100,5.99645857,29.20961531,13.64076486
07-12-2025,Site_3,99.77156752,99.85915493,588.7921028,89.82336926,678.6154721,16.33246256,0.443384454,11.93347874,1.45143193,0.167157859,13.97387731,99.02942895,99.32299909,100,7.778699323,26.06116086,17.61306981
07-12-2025,Site_1,99.79624739,99.7684542,718.3385041,108.892789,827.2312931,9.616147807,0.41891759,13.65699741,1.681600875,0.170110844,16.12012346,98.85000851,99.28317968,100,7.445663017,27.38783235,19.15094916
08-12-2025,Site_5,99.85384373,99.94230492,385.3146116,71.93383169,457.2484432,17.44262115,1.140991806,13.64675721,2.556617818,0.082389401,24.55854552,98.86517899,99.82767534,100,6.053361089,26.95557076,12.76941336
08-12-2025,Site_2,99.611497,99.95603913,602.7464513,85.07738638,687.8238376,17.6691068,0.202030719,12.66693133,1.330584102,0.421304442,14.83633488,98.10160353,93.42516834,100,6.660664178,23.28717208,15.26797512
08-12-2025,Site_1,99.76326597,99.92807049,646.8356758,95.82932913,742.665005,10.28137783,0.365623673,13.36904415,1.556618659,0.181941536,15.37933256,98.8512028,99.22487243,100,7.421469612,26.51697453,17.90064913
08-12-2025,Site_4,99.79488795,99.58698004,405.1197932,73.97699547,479.0967886,12.88301213,0.641211497,12.23463775,1.873796207,0.13526528,12.88001061,96.36455523,94.41082518,100,6.643199878,27.63625287,15.00033242
08-12-2025,Site_3,99.74593976,99.907044,548.4834507,80.79844427,629.2818949,16.34043088,0.38354673,12.1569034,1.403949432,0.168194867,13.40889275,99.16622568,99.42492158,100,7.617563725,25.71005068,16.73490801
09-12-2025,Site_1,99.68629926,99.84892917,660.2838352,100.9053528,761.189188,9.94221911,0.424967071,12.76734462,1.536411891,0.253008442,15.17862654,98.75536984,98.75977242,100,7.505722897,26.52972147,18.22911211
09-12-2025,Site_5,99.86020284,99.89594173,356.3120327,67.9850266,424.2970593,18.05694252,1.122792138,13.5711093,2.544693595,0.087013349,24.13228202,98.97117713,99.81563674,100,5.82972783,25.07659723,12.51435653
09-12-2025,Site_3,99.74142924,99.96738067,571.5869334,78.47455323,650.0614866,16.18132132,0.422912004,12.43337011,1.409872532,0.154226787,13.0805517,99.11579894,99.22408235,100,7.922176137,27.53566924,15.2771807
09-12-2025,Site_2,99.77838662,99.95402827,677.3426816,86.69820952,764.0408912,19.394519,0.293999702,13.50867218,1.367179555,0.200394923,14.66885031,98.57768129,97.05896044,100,6.755452476,25.68674214,14.85518281
09-12-2025,Site_4,99.76082223,99.67951831,439.0537219,71.99772918,511.0514511,13.79167603,0.557763241,12.51352184,1.72785025,0.137827578,13.57683256,97.77536669,95.55919922,100,6.601625819,27.06870428,14.19579553
10-12-2025,Site_1,99.79863819,99.87066975,677.6837674,100.0540164,777.7377838,10.38356975,0.543611189,13.47649711,1.695943873,0.141578976,15.2319713,98.91907861,99.43969476,99.96404321,7.545908226,27.24305459,17.68396189
10-12-2025,Site_3,99.79549688,99.90770651,530.9160078,72.95695972,603.8729675,16.516747,0.538338979,12.45639987,1.437541565,0.134701813,12.82432802,99.16066581,99.58116295,100,7.88973743,25.80419147,15.02208302
10-12-2025,Site_5,99.85042,99.96214272,363.8350016,65.28349912,429.1185007,15.88071176,1.115581623,15.1860247,2.720608657,0.096460009,25.68539433,98.81288977,99.80314961,100,6.026967708,30.7692898,14.14797615
10-12-2025,Site_4,99.7554312,99.92424242,446.7502621,69.37938845,516.1296506,13.18413171,0.585717138,12.65020719,1.726215401,0.131431718,13.17943957,98.94472129,99.16375887,100,6.793694166,29.167463,14.19421746
10-12-2025,Site_2,99.87627152,99.97686792,626.2444162,84.7893101,711.0337263,20.04268333,0.49926265,13.59547334,1.501634709,0.093229545,14.09498408,99.13729856,99.80630426,100,6.749715712,25.25969299,15.23809806
11-12-2025,Site_1,99.78022961,99.8249353,710.3733002,105.1828582,815.5561584,9.024220341,0.484730713,13.45164083,1.660346526,0.161189275,16.63856481,98.61431639,99.27364364,100,7.662414809,28.55414399,18.40351136
11-12-2025,Site_3,99.76344727,99.67830882,606.6091534,84.79691982,691.4060732,14.7789951,0.536722351,12.34877024,1.425505313,0.163296037,14.48657022,98.9814359,99.45759847,100,8.543614634,28.80052559,16.62109409
11-12-2025,Site_4,99.73566095,99.8394434,489.8278358,81.05895567,570.8867915,12.57215135,0.693132912,13.01083582,1.835575656,0.157538488,13.7992718,98.89245251,98.90763952,100,7.242986402,30.4501319,14.56742569
11-12-2025,Site_2,99.8455201,99.93061177,664.7219425,91.00732672,755.7292693,19.46484106,0.509060052,14.23100974,1.615948098,0.086412124,14.53873071,98.60063029,99.68624913,100,6.879882118,26.40799725,16.32738651
11-12-2025,Site_5,99.83125183,99.85661027,447.1964093,84.14505839,531.3414677,15.27170091,1.036215559,14.70197879,2.637071488,0.09844977,26.14686535,98.79678079,99.85390034,99.39197531,6.243459389,30.34450158,14.08317927
12-12-2025,Site_4,99.75203882,99.7470489,366.4042776,57.67388546,424.078163,13.12008944,0.63033985,12.31168141,1.623959995,0.132100893,11.31291318,98.96730769,99.0876507,91.2263696,6.929797844,26.4931727,12.7924337
12-12-2025,Site_5,99.83008326,99.98624484,460.1435488,82.56736445,542.7109133,15.83878857,1.166185496,15.58220157,2.788169139,0.106485437,25.75788002,98.75576796,99.74611797,100,6.221591568,31.19479042,14.09803613
12-12-2025,Site_2,99.85535487,99.95639852,688.1228911,88.75425935,776.8771504,18.59352658,0.449055253,13.92416556,1.434909647,0.107755707,15.10901856,98.79813992,99.65903522,100,7.157588692,26.51373455,15.98147284
12-12-2025,Site_3,99.7769095,99.87253652,809.2272483,94.28753531,903.5147836,17.10405178,0.624183802,16.37970397,1.665772455,0.153792553,13.99246914,98.99950812,99.53980214,100,8.01113365,36.2771888,17.82383289
12-12-2025,Site_1,99.72072195,99.92497562,802.7789665,111.0552127,913.8341793,8.814743564,0.450951943,14.08978002,1.608421376,0.207801363,17.47237654,98.61498038,99.06790491,100,7.795422488,29.92009406,19.07090618
13-12-2025,Site_2,99.728496,99.98848059,711.7559985,83.32531989,795.0813184,11.6572828,0.365745752,12.7657766,1.26408028,0.094493922,13.95047588,98.96188292,99.57279936,99.97640175,7.263429685,26.54212344,15.41140292
13-12-2025,Site_4,99.77497179,99.85824883,419.0842767,66.19279408,485.2770708,14.15006712,0.59021972,12.54598597,1.658667802,0.120000278,12.52648635,98.85430089,99.16057926,99.73929398,6.825324395,27.37709158,13.85283059
13-12-2025,Site_3,99.71950961,99.81292676,753.5786768,88.84590292,842.4245797,11.85816412,0.5203588,13.33973059,1.398694676,0.150738958,13.53281043,99.07784889,99.10860849,99.98720422,8.250196373,31.75182782,17.15030589
13-12-2025,Site_5,99.81378089,99.97176736,474.2886193,86.34050047,560.6291198,14.67856619,1.345344587,13.11061912,2.533106393,0.08620952,21.85738436,98.60784766,99.57652551,99.77803498,6.329585347,29.00048081,16.0623461
13-12-2025,Site_1,99.6847441,99.73073039,766.1403995,111.112823,877.2532225,7.79832837,0.519185005,12.17057526,1.555681355,0.150985289,15.24297873,98.84031054,99.15194624,99.81790123,7.785054445,28.30871549,18.96213581
14-12-2025,Site_5,99.83999777,99.96368478,462.2331355,85.88850284,548.1216383,13.34000366,1.331813789,12.26121539,2.425918221,0.097910292,18.61018519,98.64664561,96.56988996,100,6.376726593,27.27259678,16.28444684
14-12-2025,Site_4,99.74740731,99.97258521,429.9766062,69.6080786,499.5846848,12.43007843,0.564381559,11.81298084,1.685339078,0.15951515,13.41527296,98.77765344,98.93484839,100,7.153111426,29.7554275,13.51456549
14-12-2025,Site_3,99.79272956,99.70890411,771.2563665,97.0151329,868.2714994,13.09155369,0.508531062,12.13250798,1.344297021,0.142612049,13.17760738,99.25731119,98.96244235,100,8.571290844,31.07698182,17.86874954
14-12-2025,Site_1,99.7469421,99.73837644,783.4113113,117.5505666,900.9618778,7.596133513,0.512594861,11.3758091,1.532887165,0.142971296,15.40163323,98.86142723,98.51835597,100,7.680917814,29.04224008,19.6955683
14-12-2025,Site_2,99.8362829,99.98946925,729.3431141,102.4365433,831.7796575,11.46840231,0.612134058,13.82974224,1.972551514,0.090869966,12.82863509,98.76630899,98.6725922,78.28935185,6.680566889,32.84965007,14.22739999
15-12-2025,Site_3,99.7630428,99.91866245,675.4113015,86.73935163,762.1506531,13.9668141,0.567766672,12.31475191,1.40526168,0.146691842,12.22874228,99.29979368,95.26508217,100,8.305639758,28.62180947,16.66721698
15-12-2025,Site_1,99.73624206,99.93270022,728.0262204,106.2558119,834.2820324,8.177621225,0.463155228,11.12678793,1.42447899,0.173118664,14.79225502,98.80762246,97.70896597,100,8.085892401,29.25961652,18.18789549
15-12-2025,Site_2,99.85602976,99.97241887,689.5090231,87.70125592,777.210279,12.13496783,0.360380948,11.85300318,1.305404938,0.095326958,13.32998007,98.95114819,99.01322024,100,7.205794122,26.98433775,15.66873591
15-12-2025,Site_5,99.87612412,99.96155325,423.6627281,84.41685188,508.0795799,14.34893558,1.309694556,11.95269308,2.435524371,0.096182738,18.9123714,98.6292582,97.33950814,100,6.131600405,26.19579159,16.38972567
15-12-2025,Site_4,99.75217071,97.40247904,411.4515066,72.70774114,484.1592478,12.40163404,0.610901854,11.1590969,1.702128788,0.154655414,12.80007831,98.9668265,99.11878641,99.91111111,7.111948628,26.55237996,12.96025676
16-12-2025,Site_5,99.84499587,99.65273471,463.761161,82.94365156,546.7048125,14.20063247,1.214988698,12.57391933,2.329193628,0.09285231,18.93015689,98.84069505,96.65910394,100,6.22513427,27.50625514,15.92837862
16-12-2025,Site_4,99.69115432,91.07250366,469.7184225,83.14704168,552.8654642,12.13733265,0.680196398,11.05234799,1.765526983,0.142270622,11.8924267,98.90990097,98.62782168,100,6.916235163,28.0365605,12.92504128
16-12-2025,Site_3,99.81834742,99.88980164,646.1950287,81.9820168,728.1770455,14.35959274,0.506350956,12.01209554,1.324598107,0.128769874,11.69344779,99.27962749,98.17049129,100,8.355544092,27.8148447,16.18828738
16-12-2025,Site_2,99.76460798,100,788.2963209,101.6808769,889.9771978,13.58790005,0.383160783,11.84337625,1.273603574,0.094164051,15.25883162,99.11650668,99.45267276,98.83082562,7.083333996,25.5133258,15.40287075
16-12-2025,Site_1,99.75200597,99.93252362,690.469232,98.92689669,789.3961287,7.272613073,0.49003054,11.26138254,1.450407921,0.146738371,13.81246106,98.84094207,99.07048225,99.91042953,7.808230288,28.66005436,18.23956488
17-12-2025,Site_2,99.82622157,100,703.8692161,92.85391653,796.7231326,12.72421628,0.34393981,11.50250332,1.229544003,0.10727101,14.55494149,98.98032685,99.25571004,100,7.007443583,24.13865292,15.47681221
17-12-2025,Site_5,99.86211495,99.98608405,440.684333,76.53674817,517.2210811,13.50009389,1.222154101,12.22185828,2.298452314,0.101438745,17.90974068,98.75505714,99.48267391,100,6.278691265,27.62030321,15.26257871
17-12-2025,Site_4,99.70293119,90.48826291,463.6568116,73.5289048,537.1857164,12.39018695,0.642727892,11.62533799,1.639814125,0.153325646,11.23571373,98.87829243,97.6135029,100,6.926189649,26.69181631,12.21199261
17-12-2025,Site_1,99.7569561,99.93476311,704.3644255,96.50498462,800.8694102,7.116599137,0.402795828,11.28176588,1.351398695,0.143706864,13.78885995,98.78389339,98.97585469,100,7.870886023,26.44071527,17.48436959
17-12-2025,Site_3,99.80461287,99.84694854,640.7129676,78.50180221,719.2147698,13.8651171,0.493535193,12.22150219,1.303926051,0.148286509,11.76653164,99.30360707,98.59939181,100,8.424990118,27.81221422,15.9588499
18-12-2025,Site_4,99.66858971,90.28675467,475.8256592,75.90212977,551.7277889,11.036439,0.6166648,10.99119533,1.585002757,0.17446714,11.8194946,99.17245869,97.41945852,100,7.367619079,27.86871839,12.43774515
18-12-2025,Site_5,99.87112961,99.96283449,431.2539616,82.75024772,514.0042093,14.69025392,1.353140961,12.04183356,2.455156909,0.098068528,17.98487654,98.70687113,99.25906928,100,6.100307863,26.33982784,15.75285005
18-12-2025,Site_2,99.81655098,99.97175141,772.6703837,104.1005208,876.7709045,14.27496838,0.46569385,12.08249714,1.35724311,0.098534639,14.57013567,99.09744824,99.59805467,100,6.947501271,25.40734283,16.26269071
18-12-2025,Site_1,99.73376366,99.9759519,727.5108572,102.3370824,829.8479396,6.654987576,0.47265409,11.45066436,1.453964211,0.168485136,13.67272377,98.3377265,99.05295833,99.99376286,8.078173602,28.69829161,17.52040151
18-12-2025,Site_3,99.78742531,99.86936643,628.4047425,76.85202956,705.256772,13.68671793,0.507852089,12.05599159,1.320943524,0.140700282,11.65807292,99.18715501,98.90738016,100,8.398078823,28.67827576,15.73171152
19-12-2025,Site_1,99.74013867,99.82613954,791.3397039,109.3440208,900.6837248,6.811210909,0.474814971,11.45602915,1.430046814,0.168767942,15.1568062,98.54865047,99.1589116,100,8.132524011,29.12251117,17.87743946
19-12-2025,Site_2,99.8415341,99.97211637,834.4443181,95.69169331,930.1360114,13.81335394,0.409721771,13.13603507,1.310771389,0.111940644,14.52736626,98.80990049,99.16794537,100,6.994930596,27.45558061,15.41627286
19-12-2025,Site_4,99.68825648,90.79712956,495.3219117,81.18430853,576.5062202,11.74224858,0.671702743,11.41057809,1.667692327,0.162330301,12.26950231,99.18800375,98.97649102,100,7.278022291,28.20849536,12.82814371
19-12-2025,Site_3,99.81903278,99.88961457,723.9296023,89.20400715,813.1336094,14.2008876,0.581102493,12.62001142,1.376466008,0.126997219,12.80666152,99.22030613,99.33110182,100,8.7500767,29.68943194,16.57969286
19-12-2025,Site_5,99.86113911,99.98731286,452.6307646,77.31934595,529.9501106,13.9776967,1.227867965,12.25176855,2.274786436,0.098613926,18.15932356,98.74097722,99.33304149,100,6.29062592,27.24552847,14.63298932
20-12-2025,Site_1,99.7838189,99.8874779,780.3569285,105.6265486,885.9834771,7.358982992,0.505663725,11.89375838,1.517457134,0.143055217,14.64410665,98.8613619,99.20570465,99.97537294,8.067255069,29.77912652,17.48457668
20-12-2025,Site_3,99.80652724,99.85513807,697.0478914,90.82974303,787.8776344,14.76902249,0.557707648,12.14982259,1.363766499,0.127861109,12.76873071,99.36118939,98.78957654,100,8.367806664,27.05704756,16.67043619
20-12-2025,Site_5,99.85067101,99.89843297,451.432613,78.80778158,530.2403946,15.20439826,1.402799245,12.44019798,2.405758616,0.094299573,17.97107124,98.86515662,99.29949408,100,6.216913585,26.80802406,14.74384323
20-12-2025,Site_4,99.64846193,89.59813499,443.1180196,66.01012111,509.1281407,14.2674822,0.667879918,11.71874901,1.594914524,0.146352696,10.75135031,99.12494385,98.77186495,100,6.726447463,25.09614163,11.22702511
20-12-2025,Site_2,99.84380047,99.9897024,794.9167017,96.2298485,891.1465502,13.80512704,0.457410799,12.83351964,1.370368389,0.097130957,14.134674,99.13858833,99.30680118,100,7.002229331,26.88078652,15.3858082
